{
  "_fv": 71,
  "_type": "overlay",
  "definition": {
    "priority": "NORMAL",
    "components": [
      {
        "type": "label",
        "data": {
          "name": "label_proc_return_fps",
          "text": {
            "fixedValue": "",
            "name": "ReturnFPS"
          },
          "color": {
            "value": -1,
            "falpha": 0.0
          },
          "anchorPoint": "TOP_LEFT",
          "x": 1,
          "y": 1,
          "locked": false
        }
      }
    ],
    "baseTexture": "",
    "overlayTarget": "Ingame",
    "displayCondition": {
      "name": "ShowFPSActivated"
    },
    "gridSettings": {
      "sx": 18,
      "sy": 18,
      "ox": 11,
      "oy": 15,
      "snapOnGrid": true
    }
  }
}